{"lastNodeId":130,"lastConnectionId":122,"serializableNodes":{"1":{"id":1,"x":-396.5,"y":-234.5,"text":"baseinputevents"},"4":{"id":4,"x":-165.5,"y":-235.5,"text":"baseinputevents"},"5":{"id":5,"x":80.5,"y":-234.5,"text":"baseinputevents"},"6":{"id":6,"x":344.5,"y":-232.5,"text":"baseinputevents"},"7":{"id":7,"x":-744.1000000000001,"y":-33.9,"text":"state"},"8":{"id":8,"x":-551.1,"y":28.09999999999998,"text":"graph"},"10":{"id":10,"x":15.293209876543216,"y":-86.37731481481478,"text":"humanresult\n\r"},"14":{"id":14,"x":86.72222222222223,"y":-157.97222222222223,"text":"sequental"},"16":{"id":16,"x":-409.67499999999995,"y":-25.370370370370317,"text":"node"},"17":{"id":17,"x":-39.26944444444436,"y":12.018518518518475,"text":"relation"},"18":{"id":18,"x":-261.1861111111111,"y":152.60185185185185,"text":"set"},"21":{"id":21,"x":260.0138888888888,"y":-57.39814814814818,"text":"visiblechange"},"22":{"id":22,"x":-56.586111111111094,"y":191.00185185185182,"text":"set"},"23":{"id":23,"x":-434.5861111111111,"y":126.00185185185182,"text":"set"},"26":{"id":26,"x":-167.9781481481482,"y":-122.77545781892997,"text":"humanmanipulation"},"27":{"id":27,"x":-447.4781481481483,"y":-85.50879115226329,"text":"visualtips"},"28":{"id":28,"x":-621.4781481481483,"y":-299.5087911522633,"text":"describedby"},"29":{"id":29,"x":-447.519814814815,"y":-373.3560133744855,"text":"startingstate"},"31":{"id":31,"x":-449.60314814814836,"y":-319.1893467078188,"text":"inputsequence"},"33":{"id":33,"x":-249.2333950617288,"y":-1000.2106430041148,"text":"humanmanipulation"},"34":{"id":34,"x":-253.8364814814819,"y":-1112.4560133744853,"text":"graph"},"35":{"id":35,"x":52.87509259259217,"y":-1138.020365226337,"text":"nodes"},"36":{"id":36,"x":49.578333333333006,"y":-1061.5763837448555,"text":"relations"},"37":{"id":37,"x":119.17605164444444,"y":-956.8550533037043,"text":"startungstate"},"38":{"id":38,"x":115.12512571851852,"y":-892.0402384888895,"text":"sequenceofinputs"},"39":{"id":39,"x":350.0788294222222,"y":-958.5911644148156,"text":"statepattern"},"40":{"id":40,"x":354.7084590518519,"y":-892.6189421925934,"text":"sequencepattern"},"41":{"id":41,"x":506.8921010271606,"y":-986.4383866370378,"text":"function"},"43":{"id":43,"x":493.21477078024697,"y":-911.0557323160497,"text":"regex-likeexpressionforinputevents"},"45":{"id":45,"x":-883.9947199604944,"y":-1222.5487878716053,"text":"mainfunctional"},"47":{"id":47,"x":-810.7616952691362,"y":-978.1120594765432,"text":"optionalfunctional"},"50":{"id":50,"x":-660.2700864728401,"y":-1173.9299607111113,"text":"graph(nodes,realations,md,tips,layouts)"},"51":{"id":51,"x":-506.5988866271607,"y":-913.1622137975311,"text":"comlexdynamics(physics)"},"53":{"id":53,"x":33.585345293229494,"y":-773.0730979102038,"text":"selectnodes\n\rselectrealtions\n\rselectnodesandrelations\n\reditnodes\n\reditrelations\n\reditnodesandrelations\n\rmovenodes\n\rdeletenodes\n\rdeleterealtions\n\rdeletenodesandrelations\n\r"},"54":{"id":54,"x":-427.5641317300905,"y":-1022.2957059348952,"text":"dynamics-forcelayout"},"55":{"id":55,"x":-333.6503585819422,"y":-835.0734837126728,"text":"dynamiscandhumanmanipulationinteractions"},"57":{"id":57,"x":null,"y":null},"58":{"id":58,"x":1289.7275349365773,"y":-1345.2910763052655,"text":"statefunction"},"59":{"id":59,"x":1555.3386460476888,"y":-1358.6799651941546,"text":"inputpattern"},"63":{"id":63,"x":1037.0608682699105,"y":-1335.9021874163768,"text":"manipulation"},"65":{"id":65,"x":null,"y":null},"67":{"id":67,"x":null,"y":null,"text":"stateoninput3"},"70":{"id":70,"x":966.4681470764947,"y":-713.0242295974462,"text":"state"},"71":{"id":71,"x":1112.352920739046,"y":-713.7251040830429,"text":"state"},"72":{"id":72,"x":1406.578743784314,"y":-713.8729950295448,"text":"state"},"73":{"id":73,"x":1697.9817787637382,"y":-715.3840547003267,"text":"state"},"74":{"id":74,"x":586.0608682699099,"y":-662.8466318608206,"text":"input"},"75":{"id":75,"x":743.8942016032433,"y":-663.8466318608206,"text":"input"},"76":{"id":76,"x":963.6164238254657,"y":-638.291076305265,"text":"input"},"77":{"id":77,"x":1109.4497571587995,"y":-638.291076305265,"text":"input"},"78":{"id":78,"x":1225.2275349365773,"y":-647.291076305265,"text":"input"},"79":{"id":79,"x":1469.4497571587995,"y":-626.6244096385983,"text":"input"},"80":{"id":80,"x":1611.1164238254664,"y":-629.4021874163761,"text":"input"},"81":{"id":81,"x":1761.1164238254669,"y":-621.0688540830429,"text":"input"},"82":{"id":82,"x":1919.4497571588004,"y":-618.291076305265,"text":"input"},"83":{"id":83,"x":1018.0608682699103,"y":-814.1244096385986,"text":"visuailization"},"84":{"id":84,"x":null,"y":null,"text":"visualization"},"85":{"id":85,"x":2242.7830904921343,"y":-827.1799651941545,"text":"novisualization"},"87":{"id":87,"x":1458.3386460476886,"y":-815.5132985274879,"text":"visualisation"},"88":{"id":88,"x":1886.1164238254673,"y":-809.9577429719322,"text":"visualisation"},"90":{"id":90,"x":1116.116423825466,"y":-768.0132985274878,"text":"state"},"95":{"id":95,"x":1155.6611769118858,"y":-397.1028047003267,"text":"startingstate"},"96":{"id":96,"x":1151.147288022997,"y":-225.15064420649935,"text":"startingstate"},"97":{"id":97,"x":1148.369510245219,"y":-55.89910099662256,"text":"startingstate"},"98":{"id":98,"x":1404.6465164180586,"y":-475.57888494724057,"text":"inputsequence"},"100":{"id":100,"x":1340.3486769118858,"y":-422.58505778674663,"text":"inputsequence"},"102":{"id":102,"x":1409.4690472822563,"y":-324.1514158114379,"text":"inputsequence"},"103":{"id":103,"x":1336.9304670353426,"y":-270.8489466756353,"text":"inputsequence"},"105":{"id":105,"x":1352.3625658007745,"y":-167.646786181808,"text":"inputsequence"},"108":{"id":108,"x":1342.7175040723796,"y":-216.8366009966229,"text":"inputsequence"},"110":{"id":110,"x":1359.114109010651,"y":-51.90604544106709,"text":"inputsequence"},"111":{"id":111,"x":1343.6820102452189,"y":-118.45697136699307,"text":"inputsequence"},"114":{"id":114,"x":1591.6556599040043,"y":-489.8053403733329,"text":"manipulaiton"},"115":{"id":115,"x":1664.9889932373376,"y":-409.8053403733329,"text":"manipulaiton"},"116":{"id":116,"x":1663.322326570671,"y":-331.4720070399996,"text":"manipulaiton"},"117":{"id":117,"x":1664.155659904004,"y":-263.9720070399996,"text":"manipulaiton"},"118":{"id":118,"x":1639.155659904004,"y":-212.30534037333297,"text":"manipulaiton"},"119":{"id":119,"x":1674.9889932373376,"y":-162.30534037333297,"text":"manipulaiton"},"120":{"id":120,"x":1669.155659904004,"y":-112.30534037333297,"text":"manipulaiton"},"121":{"id":121,"x":1663.322326570671,"y":-53.13867370666634,"text":"manipulaiton"},"122":{"id":122,"x":1915.2528821262258,"y":-463.2497848177775,"text":"maniputationfunction"},"123":{"id":123,"x":1910.391771015115,"y":-408.3886737066664,"text":"maniputationfunction"},"124":{"id":124,"x":1911.0862154595598,"y":-327.1386737066664,"text":"maniputationfunction"},"125":{"id":125,"x":1899.9751043484484,"y":-266.7220070399997,"text":"maniputationfunction"},"126":{"id":126,"x":1934.0028821262258,"y":-210.4720070399997,"text":"maniputationfunction"},"127":{"id":127,"x":1874.002882126226,"y":-181.16645148444417,"text":"maniputationfunction"},"128":{"id":128,"x":1929.141771015115,"y":-111.16645148444417,"text":"maniputationfunction"},"129":{"id":129,"x":1969.4195487928928,"y":-52.138673706666395,"text":"maniputationfunction"}},"serializableRelationships":{"2":{"fromNodeId":1,"toNodeId":4,"id":2},"3":{"fromNodeId":4,"toNodeId":5,"id":3},"4":{"fromNodeId":5,"toNodeId":6,"id":4},"5":{"fromNodeId":7,"toNodeId":8,"id":5},"11":{"fromNodeId":8,"toNodeId":16,"id":11},"12":{"fromNodeId":18,"toNodeId":16,"id":12},"13":{"fromNodeId":18,"toNodeId":17,"id":13},"20":{"fromNodeId":10,"toNodeId":21,"id":20},"21":{"fromNodeId":17,"toNodeId":22,"id":21},"22":{"fromNodeId":16,"toNodeId":23,"id":22},"26":{"fromNodeId":26,"toNodeId":16,"id":26},"27":{"fromNodeId":26,"toNodeId":18,"id":27},"28":{"fromNodeId":26,"toNodeId":17,"id":28},"29":{"fromNodeId":26,"toNodeId":23,"id":29},