{"lastNodeId":51,"lastConnectionId":56,"serializableNodes":{"4":{"id":4,"x":-502.5,"y":-301,"text":"input1"},"5":{"id":5,"x":-116.5,"y":-321,"text":"input2"},"6":{"id":6,"x":328.5,"y":-319,"text":"input4"},"7":{"id":7,"x":110.69444444444444,"y":-320.52777777777777,"text":"input3"},"11":{"id":11,"x":-583.5,"y":-174,"text":"state"},"12":{"id":12,"x":-366.6666666666667,"y":-173.16666666666666,"text":"state"},"13":{"id":13,"x":59.333333333333336,"y":-175,"text":"state"},"14":{"id":14,"x":397.5,"y":-176,"text":"state"},"18":{"id":18,"x":-324.0555555555556,"y":-37.861111111111114,"text":"startingstates"},"27":{"id":27,"x":137.48611111111114,"y":95.69444444444447,"text":"inputpatter2"},"28":{"id":28,"x":-25.013888888888882,"y":-36.94444444444445,"text":"inputpatter1"},"30":{"id":30,"x":345.26388888888897,"y":-36.52777777777776,"text":"maniputlaitonactivation"},"33":{"id":33,"x":705.7555555555555,"y":170.5011111111112,"text":"state1"},"35":{"id":35,"x":861.9555555555555,"y":-53.42666666666669,"text":"input1"},"40":{"id":40,"x":1196.2638888888887,"y":75.69999999999999,"text":"manipulation1"},"43":{"id":43,"x":1435.013888888889,"y":80.0055555555556,"text":"state2"},"44":{"id":44,"x":1594.1805555555557,"y":-29.300000000000068,"text":"input3"},"45":{"id":45,"x":1628.6249999999998,"y":246.25555555555565,"text":"maniputation2"},"47":{"id":47,"x":1182.9999999999995,"y":-46.383333333333354,"text":"ipnut2"},"49":{"id":49,"x":1838.8333333333333,"y":246.11666666666687,"text":"state3"},"50":{"id":50,"x":1986.3333333333337,"y":128.61666666666684,"text":"merginofstates\n\rolder(bylastinput)takesprecendence"}},"serializableRelationships":{"3":{"fromNodeId":4,"toNodeId":5,"id":3},"5":{"fromNodeId":5,"toNodeId":7,"id":5},"6":{"fromNodeId":7,"toNodeId":6,"id":6},"8":{"fromNodeId":11,"toNodeId":12,"id":8},"9":{"fromNodeId":12,"toNodeId":13,"id":9},"10":{"fromNodeId":13,"toNodeId":14,"id":10},"13":{"fromNodeId":12,"toNodeId":18,"id":13,"text":"check"},"23":{"fromNodeId":18,"toNodeId":27,"id":23,"text":"checkpassed"},"24":{"fromNodeId":18,"toNodeId":28,"id":24,"text":"checkpassed"},"25":{"fromNodeId":5,"toNodeId":28,"id":25},"26":{"fromNodeId":7,"toNodeId":28,"id":26},"27":{"fromNodeId":6,"toNodeId":28,"id":27},"28":{"fromNodeId":5,"toNodeId":27,"id":28},"29":{"fromNodeId":7,"toNodeId":27,"id":29},"30":{"fromNodeId":6,"toNodeId":27,"id":30},"31":{"fromNodeId":28,"toNodeId":30,"id":31},"34":{"fromNodeId":30,"toNodeId":12,"id":34},"42":{"fromNodeId":40,"toNodeId":43,"id":42},"43":{"fromNodeId":35,"toNodeId":45,"id":43},"44":{"fromNodeId":47,"toNodeId":45,"id":44},"45":{"fromNodeId":44,"toNodeId":45,"id":45},"46":{"fromNodeId":33,"toNodeId":45,"id":46},"47":{"fromNodeId":47,"toNodeId":40,"id":47},"49":{"fromNodeId":45,"toNodeId":49,"id":49},"50":{"fromNodeId":33,"toNodeId":40,"id":50},"54":{"fromNodeId":43,"toNodeId":50,"id":54},"55":{"fromNodeId":49,"toNodeId":50,"id":55}}}