{"lastNodeId":27,"lastConnectionId":37,"serializableNodes":{"3":{"id":3,"x":-639.5833333333333,"y":-349.99999999999994,"text":"inputevent"},"5":{"id":5,"x":-637.0833333333333,"y":-207.49999999999997,"text":"inputevent"},"6":{"id":6,"x":-637.0833333333333,"y":-277.5,"text":"inputevent"},"7":{"id":7,"x":-100.4166666666666,"y":-289.1666666666667,"text":"graph"},"8":{"id":8,"x":-319.58333333333326,"y":-289.1666666666666,"text":"input"},"9":{"id":9,"x":-638.75,"y":17.50000000000002,"text":"input"},"14":{"id":14,"x":-649.5833333333334,"y":182.5000000000001,"text":"input'event"},"15":{"id":15,"x":-363.75000000000006,"y":250.00000000000003,"text":"input'buffer"},"16":{"id":16,"x":-651.2500000000001,"y":255.83333333333337,"text":"input'event"},"17":{"id":17,"x":-717.9166666666667,"y":324.16666666666674,"text":"input'event"},"18":{"id":18,"x":-141.24999999999994,"y":455,"text":"current'pattern'matchers"},"19":{"id":19,"x":202.50000000000014,"y":117.77777777777781,"text":"graph"},"21":{"id":21,"x":-210.17187499999986,"y":537.5,"text":"each'have'starting'state'copy"},"22":{"id":22,"x":-359.3981481481481,"y":388.93518518518516,"text":"cycle'for'every'event"},"24":{"id":24,"x":-244.9377893518519,"y":277.52314814814815,"text":"update'current'pattern'matchers"},"25":{"id":25,"x":87.70833333333351,"y":502.36111111111114,"text":"not'matches"},"26":{"id":26,"x":88.41898148148147,"y":274.24999999999994,"text":"manipulation"}},"serializableRelationships":{"2":{"fromNodeId":3,"toNodeId":8,"id":2},"3":{"fromNodeId":6,"toNodeId":8,"id":3},"4":{"fromNodeId":5,"toNodeId":8,"id":4},"5":{"fromNodeId":8,"toNodeId":7,"id":5},"8":{"fromNodeId":14,"toNodeId":15,"id":8},"9":{"fromNodeId":14,"toNodeId":15,"id":9},"10":{"fromNodeId":14,"toNodeId":15,"id":10},"11":{"fromNodeId":16,"toNodeId":15,"id":11},"12":{"fromNodeId":17,"toNodeId":15,"id":12},"23":{"fromNodeId":18,"toNodeId":21,"id":23},"24":{"fromNodeId":15,"toNodeId":22,"id":24},"27":{"fromNodeId":22,"toNodeId":18,"id":27},"29":{"fromNodeId":24,"toNodeId":18,"id":29},"31":{"fromNodeId":18,"toNodeId":25,"id":31},"32":{"fromNodeId":25,"toNodeId":24,"id":32},"33":{"fromNodeId":24,"toNodeId":26,"id":33,"text":"state'update'signal"},"35":{"fromNodeId":18,"toNodeId":26,"id":35},"36":{"fromNodeId":26,"toNodeId":19,"id":36}}}