{"lastNodeId":40,"lastConnectionId":68,"serializableNodes":{"3":{"id":3,"x":-639.5833333333333,"y":-349.99999999999994,"text":"inputevent"},"5":{"id":5,"x":-637.0833333333333,"y":-207.49999999999997,"text":"inputevent"},"6":{"id":6,"x":-637.0833333333333,"y":-277.5,"text":"inputevent"},"7":{"id":7,"x":-100.4166666666666,"y":-289.1666666666667,"text":"graph"},"8":{"id":8,"x":-319.58333333333326,"y":-289.1666666666666,"text":"input"},"14":{"id":14,"x":-649.5833333333334,"y":182.5000000000001,"text":"input'event"},"15":{"id":15,"x":-363.75000000000006,"y":250.00000000000003,"text":"input'buffer"},"16":{"id":16,"x":-651.2500000000001,"y":255.83333333333337,"text":"input'event"},"17":{"id":17,"x":-709.7685185185185,"y":297.12962962962973,"text":"input'event"},"18":{"id":18,"x":-265.3263888888887,"y":623.3420138888889,"text":"running'pattern'matchers\n\r(each'have'starting'state'copy)"},"22":{"id":22,"x":-446.37384259259255,"y":411.43518518518516,"text":"cycle'for'every'event"},"24":{"id":24,"x":349.3476736111111,"y":611.8546296296297,"text":"remove'running'pattern'matcher"},"25":{"id":25,"x":114.37111111111122,"y":687.9842592592593,"text":"not'matches"},"26":{"id":26,"x":459.4752777777778,"y":205.16018518518516,"text":"apply'manipulation"},"27":{"id":27,"x":-329.8895833333334,"y":508.439143518518,"text":"manipulations\n\r(starting'state'+'matcher'+'actual'manipulation)"},"28":{"id":28,"x":-423.3101851851852,"y":325.0231481481481,"text":"on'frame"},"29":{"id":29,"x":110.74537037037058,"y":547.6342592592606,"text":"matches"},"39":{"id":39,"x":109.94415509259301,"y":616.689814814816,"text":"match'progress"}},"serializableRelationships":{"2":{"fromNodeId":3,"toNodeId":8,"id":2},"3":{"fromNodeId":6,"toNodeId":8,"id":3},"4":{"fromNodeId":5,"toNodeId":8,"id":4},"5":{"fromNodeId":8,"toNodeId":7,"id":5},"8":{"fromNodeId":14,"toNodeId":15,"id":8},"9":{"fromNodeId":14,"toNodeId":15,"id":9},"10":{"fromNodeId":14,"toNodeId":15,"id":10},"11":{"fromNodeId":16,"toNodeId":15,"id":11},"12":{"fromNodeId":17,"toNodeId":15,"id":12},"27":{"fromNodeId":22,"toNodeId":18,"id":27,"text":"feed"},"31":{"fromNodeId":18,"toNodeId":25,"id":31},"39":{"fromNodeId":25,"toNodeId":24,"id":39},"41":{"fromNodeId":22,"toNodeId":27,"id":41,"text":"feed"},"42":{"fromNodeId":27,"toNodeId":18,"id":42},"43":{"fromNodeId":15,"toNodeId":28,"id":43},"44":{"fromNodeId":28,"toNodeId":22,"id":44},"45":{"fromNodeId":29,"toNodeId":26,"id":45},"57":{"fromNodeId":29,"toNodeId":24,"id":57},"66":{"fromNodeId":18,"toNodeId":39,"id":66},"67":{"fromNodeId":18,"toNodeId":29,"id":67}}}