{"lastNodeId":28,"lastConnectionId":43,"serializableNodes":{"3":{"id":3,"x":-639.5833333333333,"y":-349.99999999999994,"text":"inputevent"},"5":{"id":5,"x":-637.0833333333333,"y":-207.49999999999997,"text":"inputevent"},"6":{"id":6,"x":-637.0833333333333,"y":-277.5,"text":"inputevent"},"7":{"id":7,"x":-100.4166666666666,"y":-289.1666666666667,"text":"graph"},"8":{"id":8,"x":-319.58333333333326,"y":-289.1666666666666,"text":"input"},"14":{"id":14,"x":-649.5833333333334,"y":182.5000000000001,"text":"input'event"},"15":{"id":15,"x":-363.75000000000006,"y":250.00000000000003,"text":"input'buffer"},"16":{"id":16,"x":-651.2500000000001,"y":255.83333333333337,"text":"input'event"},"17":{"id":17,"x":-721.5277777777778,"y":305.55555555555566,"text":"input'event"},"18":{"id":18,"x":-237.87037037037027,"y":405.39351851851853,"text":"current'pattern'matchers"},"19":{"id":19,"x":231.6203703703705,"y":174.74537037037038,"text":"graph"},"21":{"id":21,"x":-241.41377314814804,"y":487.66203703703707,"text":"each'have'starting'state'copy"},"22":{"id":22,"x":-427.037037037037,"y":368.2407407407407,"text":"cycle'for'every'event"},"24":{"id":24,"x":-14.591435185185247,"y":401.18055555555554,"text":"update'current'pattern'matchers"},"25":{"id":25,"x":64.74537037037055,"y":509.5601851851852,"text":"not'matches"},"26":{"id":26,"x":56.96064814814813,"y":277.6527777777777,"text":"manipulation"},"27":{"id":27,"x":-235.31898148148164,"y":309.2406481481475,"text":"manipulations"}},"serializableRelationships":{"2":{"fromNodeId":3,"toNodeId":8,"id":2},"3":{"fromNodeId":6,"toNodeId":8,"id":3},"4":{"fromNodeId":5,"toNodeId":8,"id":4},"5":{"fromNodeId":8,"toNodeId":7,"id":5},"8":{"fromNodeId":14,"toNodeId":15,"id":8},"9":{"fromNodeId":14,"toNodeId":15,"id":9},"10":{"fromNodeId":14,"toNodeId":15,"id":10},"11":{"fromNodeId":16,"toNodeId":15,"id":11},"12":{"fromNodeId":17,"toNodeId":15,"id":12},"23":{"fromNodeId":18,"toNodeId":21,"id":23},"24":{"fromNodeId":15,"toNodeId":22,"id":24},"27":{"fromNodeId":22,"toNodeId":18,"id":27},"29":{"fromNodeId":24,"toNodeId":18,"id":29},"31":{"fromNodeId":18,"toNodeId":25,"id":31},"35":{"fromNodeId":18,"toNodeId":26,"id":35},"36":{"fromNodeId":26,"toNodeId":19,"id":36},"39":{"fromNodeId":25,"toNodeId":24,"id":39},"40":{"fromNodeId":26,"toNodeId":24,"id":40},"41":{"fromNodeId":22,"toNodeId":27,"id":41},"42":{"fromNodeId":27,"toNodeId":18,"id":42,"text":"init'input'matcher"}}}